City,Cloudiness,Country,Date,Humidity,Lat,Lng,Max_Temp,Wind_Speed
ushuaia,75,AR,1542508200,34,-54.81,-68.31,51.8,7.7
mar del plata,36,AR,1542509672,42,-46.43,-67.52,58.8614,8.41
kavieng,76,PG,1542509469,100,-2.57,150.8,80.4614,1.61
rikitea,56,PF,1542509660,100,-23.12,-134.97,74.79140000000004,5.71
torbay,90,CA,1542506400,100,47.66,-52.73,32.0,11.8
nuuk,36,GL,1542505800,79,64.17,-51.74,24.8,6.2
busselton,80,AU,1542509675,98,-33.64,115.35,65.52140000000009,6.51
verkhnyaya tura,92,RU,1542510094,88,58.36,59.82,28.306400000000064,2.21
avera,1,US,1542508500,96,33.19,-82.53,53.96000000000008,1.81
kaitangata,68,NZ,1542509702,100,-46.28,169.85,42.8864,9.96
ribeira grande,92,PT,1542509682,98,38.52,-28.7,64.21640000000005,5.21
tuatapere,76,NZ,1542509680,100,-46.13,167.69,43.1114,7.96
amboasary,20,MG,1542506400,83,-25.04,46.38,73.4,9.8
cayenne,20,GF,1542508200,94,4.94,-52.33,75.2,3.31
cape town,0,ZA,1542506400,63,-33.93,18.42,62.6,10.3
pevek,64,RU,1542509753,100,69.7,170.27,3.9164000000000456,1.96
gamba,0,CN,1542509697,27,28.28,88.52,17.731400000000065,1.36
lorengau,76,PG,1542509778,100,-2.02,147.27,84.10640000000006,2.01
mount isa,44,AU,1542506400,27,-20.73,139.49,98.6,4.6
japura,68,ID,1542510096,88,-0.42,102.29,79.02140000000009,1.31
vaitape,80,PF,1542510097,99,-16.52,-151.75,82.0364,5.26
port elizabeth,1,US,1542506160,96,39.31,-74.98,42.08000000000004,1.5
punta arenas,75,CL,1542506400,66,-53.16,-70.91,50.0,6.2
acajutla,8,SV,1542510097,55,13.59,-89.83,80.19140000000004,2.56
lazaro cardenas,5,MX,1542505500,32,28.39,-105.62,51.8,2.6
hithadhoo,0,MV,1542509688,100,-0.6,73.08,82.21640000000005,4.76
puerto ayora,48,EC,1542509706,100,-0.74,-90.35,73.17140000000009,5.51
ajdabiya,88,LY,1542510098,33,30.75,20.22,62.731400000000065,3.91
east london,12,ZA,1542509576,100,-33.02,27.91,64.98140000000006,4.26
arosa,0,CH,1542507600,85,46.78,9.68,28.4,1
hermanus,32,ZA,1542509684,92,-34.42,19.24,52.24640000000009,2.81
touros,36,BR,1542509742,88,-5.2,-35.46,78.70640000000006,6.26
barrow,44,AR,1542509710,89,-38.31,-60.23,51.34640000000009,6.26
djibo,0,BF,1542510100,65,14.1,-1.63,65.88140000000007,1.26
roura,20,GF,1542508200,94,4.73,-52.33,75.2,3.31
bethel,90,US,1542505980,100,60.79,-161.76,33.08000000000004,2.6
okha,20,RU,1542510101,100,53.59,142.95,22.231400000000065,2.41
hilo,75,US,1542506160,76,19.71,-155.08,78.98000000000005,3.6
mount gambier,0,AU,1542509727,57,-37.83,140.78,75.46640000000005,1.51
hay river,75,CA,1542506400,78,60.82,-115.79,8.600000000000001,4.6
new norfolk,75,AU,1542506400,55,-42.78,147.06,60.8,5.1
aanekoski,20,FI,1542507600,80,62.6,25.73,39.2,5.7
hobart,75,AU,1542506400,55,-42.88,147.33,60.8,5.1
shimoda,75,JP,1542506400,72,34.7,138.93,60.8,6.7
chuy,88,UY,1542509698,96,-33.69,-53.46,67.4114,4.36
yar-sale,80,RU,1542509881,92,66.83,70.83,7.696400000000086,8.01
avarua,75,CK,1542506400,78,-21.21,-159.78,78.8,3.6
la ronge,90,CA,1542506400,77,55.1,-105.3,3.1999999999999993,3.6
mataura,92,NZ,1542509686,91,-46.19,168.86,43.24640000000009,8.36
kapaa,40,US,1542506160,57,22.08,-159.32,80.96000000000008,8.2
thompson,90,CA,1542506400,77,55.74,-97.86,3.1999999999999993,3.6
victoria,75,BN,1542506400,79,5.28,115.24,87.8,1
port alfred,44,ZA,1542509676,96,-33.59,26.89,61.15640000000006,2.81
lichinga,40,MZ,1542510000,82,-13.3,35.25,66.2,5.1
mujiayingzi,0,CN,1542510105,65,42.12,118.78,28.486400000000003,3.01
port lincoln,0,AU,1542509665,58,-34.72,135.86,74.34140000000005,6.36
jutai,0,BR,1542510106,76,-1.71,-47.89,79.47140000000009,2.96
cordoba,64,CO,1542510076,93,5.59,-73.79,52.74140000000004,0.96
karpathos,92,GR,1542507600,72,35.51,27.21,68.0,6.2
tuktoyaktuk,75,CA,1542506400,84,69.44,-133.03,-0.39999999999994884,7.7
narsaq,44,GL,1542505800,85,60.91,-46.05,24.8,1.06
tiarei,75,PF,1542508200,94,-17.53,-149.33,75.2,2.6
lavrentiya,76,RU,1542509763,100,65.58,-170.99,34.021400000000085,9.96
male,68,UA,1542510108,65,50.74,33.7,13.141400000000043,1.31
fortuna,0,ES,1542508200,87,38.18,-1.13,62.6,2.1
sitka,80,US,1542509766,69,37.17,-99.65,30.916400000000046,5.91
goundam,0,ML,1542510109,40,16.42,-3.66,67.8614,2.31
cherskiy,24,RU,1542509686,81,68.75,161.3,-18.40359999999997,1.61
yerbogachen,44,RU,1542510110,60,61.28,108.01,-7.468599999999938,1.91
albany,90,US,1542506040,59,42.65,-73.75,39.02000000000006,4.1
broome,0,GB,1542507600,93,52.47,1.45,44.6,2.1
sao filipe,64,CV,1542509679,100,14.9,-24.5,74.6114,4.21
dali,0,CN,1542510111,71,25.6,100.24,56.791400000000046,1.06
dikson,0,RU,1542509712,79,73.51,80.55,7.021400000000085,6.16
bredasdorp,76,ZA,1542506400,63,-34.53,20.04,62.6,1.5
caborca,20,MX,1542510112,52,30.58,-111.1,43.1114,1.46
kangaatsiaq,68,GL,1542510112,100,68.31,-53.46,22.861400000000003,10.16
orsha,88,BY,1542510112,96,54.51,30.43,31.996400000000087,5.46
saskylakh,88,RU,1542509664,68,71.97,114.09,-9.628599999999963,1.46
pangody,76,RU,1542509897,83,65.85,74.49,7.921400000000084,7.01
stephenville,1,US,1542508500,75,32.22,-98.2,61.52000000000006,1.5
te anau,76,NZ,1542509663,95,-45.41,167.72,39.2864,2.41
biltine,0,TD,1542510114,61,14.53,20.93,60.706400000000066,1.76
kodiak,90,US,1542505980,84,39.95,-94.76,28.04000000000002,7.7
igarka,68,RU,1542509759,80,67.47,86.57,8.641400000000043,0.31
aklavik,75,CA,1542506400,77,68.22,-135.01,-0.39999999999994884,4.6
atuona,8,PF,1542509674,100,-9.8,-139.03,81.09140000000005,6.61
vaini,0,IN,1542509696,69,15.34,74.49,76.23140000000006,1.76
coxim,88,BR,1542510115,91,-18.5,-54.75,74.56640000000004,4.21
synya,88,RU,1542510116,95,65.37,58.04,29.296400000000084,1.61
airai,64,TL,1542509707,90,-8.93,125.41,77.35640000000006,0.91
santiago,0,CL,1542506400,48,-33.44,-70.65,64.4,2.6
eldorado,40,MX,1542505200,46,24.32,-107.36,73.4,2.56
yellowknife,40,CA,1542506400,83,62.45,-114.38,-7.599999999999952,3.6
narasannapeta,56,IN,1542510117,84,18.42,84.04,79.15640000000006,1.91
port hardy,40,CA,1542506400,100,50.7,-127.42,35.6,1
merritt island,90,US,1542506160,86,28.54,-80.67,67.28000000000004,2.6
ponta do sol,76,BR,1542509862,65,-20.63,-46,72.72140000000009,3.86
saldanha,92,PT,1542509962,95,41.42,-6.55,44.05640000000007,1.46
butaritari,64,KI,1542509662,100,3.07,172.79,83.88140000000007,4.46
nemuro,75,JP,1542506400,60,43.32,145.57,41.0,2.6
rudnichnyy,88,RU,1542510119,96,59.7,60.29,27.991400000000045,2.11
rio gallegos,0,AR,1542506400,54,-51.62,-69.22,53.6,7.7
rio grande,92,BR,1542510119,100,-32.03,-52.1,69.93140000000007,5.46
micheweni,88,TZ,1542510120,100,-4.97,39.83,77.71640000000005,2.61
castro,92,CL,1542509739,94,-42.48,-73.76,49.8614,2.91
lebu,75,ET,1542510000,81,8.96,38.73,51.8,1
klaksvik,0,FO,1542507600,93,62.23,-6.59,46.4,9.8
norman wells,75,CA,1542506400,71,65.28,-126.83,6.800000000000001,5.7
margate,75,AU,1542506400,55,-43.03,147.26,60.8,5.1
ilulissat,80,GL,1542505800,79,69.22,-51.1,21.2,6.2
khatanga,80,RU,1542509677,71,71.98,102.47,1.4414000000000442,3.81
saint-philippe,1,CA,1542507300,63,45.36,-73.48,30.2,4.1
guerrero negro,36,MX,1542509712,97,27.97,-114.04,57.691400000000044,2.61
juba,68,EE,1542505800,80,57.82,26.93,41.0,5.1
bluff,92,AU,1542509669,47,-23.58,149.07,84.24140000000004,2.56
molokovo,92,RU,1542510123,97,58.16,36.77,34.1114,2.56
benghazi,88,LY,1542509521,100,32.12,20.07,71.64140000000005,2.56
faanui,68,PF,1542509705,98,-16.48,-151.75,82.75640000000007,5.56
vardo,1,US,1542508500,82,39.62,-77.74,39.02000000000006,1.21
itaituba,36,BR,1542510124,97,-4.26,-55.99,74.56640000000004,1.41
praia da vitoria,20,PT,1542506400,87,38.73,-27.07,53.6,4.36
kirovskiy,0,RU,1542510124,63,45.09,133.51,31.141400000000043,1.41
kota tinggi,75,MY,1542508200,94,1.73,103.9,77.0,1
georgetown,20,GY,1542506400,94,6.8,-58.16,77.0,2.1
mahebourg,75,MU,1542506400,78,-20.41,57.7,75.2,6.7
ahmadpur east,0,PK,1542509952,89,29.14,71.26,62.64140000000005,1.51
akureyri,90,IS,1542506400,62,65.68,-18.09,57.2,6.2
vestmannaeyjar,92,IS,1542509732,93,63.44,-20.27,48.646400000000085,13.56
bambous virieux,75,MU,1542506400,78,-20.34,57.76,75.2,6.7
coquimbo,0,CL,1542506400,87,-29.95,-71.34,57.2,1.5
yaan,36,NG,1542509865,85,7.38,8.57,78.16640000000004,5.91
skagen,0,SE,1542507600,93,58.6,13.44,42.8,2.1
chimay,0,BE,1542507900,69,50.05,4.32,35.6,2.6
canete,36,IT,1542507600,85,46.33,9.49,39.2,1
beira,0,ES,1542508200,87,43.2,-8.36,55.4,2.1
laguna,5,MX,1542505800,55,27.52,-110.01,66.2,2.1
nizhnyaya poyma,64,RU,1542510129,67,56.16,97.2,2.161400000000004,1.51
hambantota,48,LK,1542509783,100,6.12,81.12,80.19140000000004,1.41
carnarvon,0,ZA,1542509827,40,-30.97,22.13,53.50640000000006,3.36
sangmelima,36,CM,1542510130,95,2.93,11.98,67.09640000000009,0.96
dakar,76,SN,1542509669,96,14.69,-17.45,75.42140000000009,6.86
qaanaaq,12,GL,1542509668,100,77.48,-69.36,-1.4385999999999441,2.61
lasa,0,CY,1542508200,71,34.92,32.53,59.0,3.1
sorland,48,NO,1542509784,100,67.67,12.69,46.936400000000006,3.46
sept-iles,75,CA,1542506400,79,50.2,-66.38,23.0,3.6
arraial do cabo,68,BR,1542509714,96,-22.97,-42.02,74.38640000000001,4.86
saint anthony,1,US,1542506160,66,43.97,-111.68,28.94000000000002,1.31
carutapera,20,BR,1542509829,87,-1.2,-46.02,79.74140000000004,4.46
cidreira,92,BR,1542509765,75,-30.17,-50.22,73.84640000000009,4.86
puerto colombia,40,CO,1542506400,83,10.99,-74.96,82.4,5.7
ouadda,0,CF,1542510132,77,8.07,22.4,59.896400000000085,1.41
ko samui,20,TH,1542508200,70,9.54,99.94,89.6,2.1
kant,0,KG,1542510133,44,42.89,74.85,-5.758599999999959,0.76
sungairaya,92,ID,1542510134,94,0.7,108.9,79.1114,1.51
deputatskiy,8,RU,1542509925,0,69.3,139.9,-25.378599999999963,1.16
xihua,68,CN,1542510134,88,33.79,114.53,49.231400000000065,2.06
nikolskoye,90,RU,1542506400,80,59.7,30.79,41.0,5
aksu,88,KZ,1542510135,91,52.04,76.93,22.456400000000066,2.76
alofi,0,NU,1542506400,65,-19.06,-169.92,82.4,3.6
bandarbeyla,88,SO,1542509975,100,9.49,50.81,78.03140000000006,7.26
rawson,92,AR,1542509840,34,-43.3,-65.11,62.05640000000007,5.01
saint george,90,GR,1542505800,93,39.45,22.34,46.4,2.6
inhambane,44,MZ,1542509892,100,-23.87,35.38,72.3614,2.36
moose factory,1,CA,1542506400,77,51.26,-80.61,1.3999999999999986,4.1
boyolangu,8,ID,1542510136,85,-8.09,111.9,84.2864,1.56
tura,0,IN,1542509689,73,25.52,90.21,68.94140000000004,1.76
kahului,75,US,1542506580,84,20.89,-156.47,75.92000000000006,7.2
cururupu,20,BR,1542509830,86,-1.82,-44.87,78.2114,3.26
puerto escondido,0,MX,1542510137,100,15.86,-97.07,82.7114,1.21
suluq,48,LY,1542510137,35,31.67,20.25,59.5364,3.36
santa cruz,75,US,1542508500,79,36.97,-122.03,55.4,3.1
decatur,1,US,1542508500,86,35.51,-84.79,44.06000000000008,2.1
manbij,12,SY,1542507600,84,36.53,37.96,33.8,1.86
manggar,24,ID,1542510141,85,-2.88,108.27,88.15640000000006,2.91
nogliki,44,RU,1542510142,100,51.8,143.14,30.241400000000045,9.41
zaysan,36,KZ,1542510142,46,47.47,84.87,-3.9135999999999456,1.16
carauari,12,BR,1542510142,87,-4.88,-66.9,80.01140000000001,1.01
ostrovnoy,88,RU,1542509726,81,68.05,39.51,30.916400000000046,11.51
hovd,90,NO,1542507600,100,63.83,10.7,39.2,2.6
blagoyevo,92,RU,1542510143,98,63.37,47.92,35.59640000000009,2.26
santa isabel do rio negro,24,BR,1542510144,91,-0.41,-65.02,78.84140000000005,1.41
kloulklubed,90,PW,1542505920,88,7.04,134.26,78.8,7.7
kruisfontein,48,ZA,1542509669,91,-34,24.73,57.106400000000065,2.96
rocha,68,UY,1542509893,94,-34.48,-54.34,64.98140000000006,5.91
college,20,US,1542506280,89,64.86,-147.8,9.32000000000006,2.01
ancud,100,CL,1542509740,90,-41.87,-73.83,50.941400000000044,3.21
anju,44,KP,1542510145,89,39.62,125.66,42.84140000000004,2.31
dingle,76,PH,1542509866,83,11,122.67,78.03140000000006,5.81
methoni,92,GR,1542507600,93,36.82,21.7,51.8,2.1
jamestown,0,AU,1542509678,30,-33.21,138.6,79.15640000000006,2.76
jacareacanga,56,BR,1542510146,98,-6.22,-57.76,73.53140000000006,1.26
tupik,44,RU,1542510147,67,54.43,119.94,-2.653599999999969,1.56
isangel,68,VU,1542509672,100,-19.55,169.27,73.84640000000009,4.86
burnie,0,AU,1542510147,98,-41.05,145.91,58.6364,4.76
bereda,0,ES,1542508200,87,43.27,-7.54,51.8,2.1
ronneby,32,SE,1542507600,100,56.21,15.28,39.2,2.6
moindou,40,NC,1542508200,51,-21.69,165.68,82.4,7.2
yulara,0,AU,1542506400,28,-25.24,130.99,91.4,7.2
petropavlovsk-kamchatskiy,90,RU,1542508200,100,53.05,158.65,32.0,6
broken hill,0,AU,1542509670,35,-31.97,141.45,83.88140000000007,1.96
half moon bay,75,US,1542508440,79,37.46,-122.43,55.94000000000002,3.1
constitucion,90,MX,1542505500,41,23.99,-104.67,57.2,5.1
iberia,64,PE,1542510150,99,-11.41,-69.49,74.88140000000007,0.96
talnakh,48,RU,1542509734,93,69.49,88.39,0.7214000000000347,4.06
codrington,88,AU,1542509712,73,-28.95,153.24,69.16640000000004,3.31
ust-maya,88,RU,1542510151,61,60.42,134.54,0.9464000000000325,1.66
san quintin,20,PH,1542506400,79,17.54,120.52,84.2,1
zhigansk,12,RU,1542509684,30,66.77,123.37,-20.698599999999978,1.31
vao,80,EE,1542509702,85,59.1,26.19,41.086400000000005,6.31
baherden,8,TM,1542510152,87,38.44,57.43,35.05640000000007,1.16
santa fe,0,AR,1542509881,68,-31.62,-60.7,62.956400000000066,8.16
ostersund,20,SE,1542507600,83,63.18,14.64,33.8,2.1
atasu,76,KZ,1542510153,83,48.68,71.64,13.636400000000002,3.16
vanimo,36,PG,1542509691,100,-2.67,141.3,83.56640000000004,0.66
kaohsiung,40,TW,1542508200,74,22.62,120.31,82.4,2.1
buchanan,40,LR,1542508200,94,5.88,-10.05,75.2,1.96
katsuura,20,JP,1542506400,63,33.93,134.5,60.8,2.1
batemans bay,0,AU,1542509715,75,-35.71,150.18,65.43140000000007,2.51
flinders,90,AU,1542506400,45,-34.58,150.85,68.0,5.1
henties bay,0,NA,1542509695,98,-22.12,14.28,60.57140000000008,3.76
kirakira,80,SB,1542510155,100,-10.46,161.92,80.64140000000005,4.06
ikornnes,0,NO,1542507600,93,62.39,6.56,39.2,3.6
oeiras do para,0,BR,1542510156,75,-2,-49.85,81.40640000000006,4.91
panalingaan,8,PH,1542510156,94,8.78,117.42,82.39640000000009,0.66
catazaja,36,MX,1542510157,72,17.73,-92.02,71.37140000000008,2.16
viedma,8,AR,1542509823,51,-40.81,-62.99,52.831400000000066,4.26
noshiro,75,JP,1542506400,87,40.21,140.05,46.4,0.5
kichmengskiy gorodok,92,RU,1542510157,100,59.99,45.81,34.15640000000006,1.41
jambi,24,ID,1542509888,89,-1.6,103.62,82.98140000000006,1.76
chapais,90,CA,1542506400,78,49.78,-74.86,8.600000000000001,4.1
sainte-rose,20,CA,1542506400,68,45.61,-73.79,26.6,3.1
tasiilaq,92,GL,1542505800,86,65.61,-37.64,39.2,8.7
smithers,75,CA,1542506400,86,54.78,-127.17,33.8,1.5
tiksi,0,RU,1542509698,59,71.64,128.87,-12.598599999999976,3.66
batagay-alyta,0,RU,1542509875,0,67.8,130.41,-32.71359999999996,1.31
sao joao da barra,44,BR,1542509724,98,-21.64,-41.05,77.71640000000005,7.36
srednekolymsk,56,RU,1542509824,76,67.46,153.71,-11.518599999999935,0.66
paraiso,90,MX,1542505500,41,24.01,-104.61,57.2,5.1
xai-xai,92,MZ,1542509742,94,-25.04,33.64,74.52140000000009,7.56
turukhansk,76,RU,1542510160,67,65.8,87.96,2.431400000000064,4.91
arman,20,RU,1542508200,77,59.7,150.17,6.800000000000001,2
wanaka,68,NZ,1542509917,64,-44.7,169.14,44.37140000000009,2.01
zyryanka,76,RU,1542510161,73,65.73,150.89,-10.663599999999946,1.36
provideniya,88,RU,1542509757,100,64.42,-173.23,33.12140000000009,8.16
wattegama,0,LK,1542510162,86,7.35,80.68,77.35640000000006,1.76
hvide sande,24,DK,1542508860,100,56.01,8.13,32.0,2.76
joshimath,56,IN,1542509759,95,30.57,79.57,11.116400000000045,0.26
owando,48,CG,1542510163,97,-0.49,15.91,72.13640000000001,1.06
mangrol,0,IN,1542510163,58,25.33,76.51,65.38640000000001,1.41
rognedino,88,RU,1542510163,92,53.8,33.56,25.831400000000066,5.01
geraldton,40,CA,1542506400,77,49.72,-86.95,3.1999999999999993,4.1
jalu,92,LY,1542509884,31,29.03,21.55,61.7864,4.86
terney,24,RU,1542510164,100,45.05,136.61,35.461400000000005,4.91
nanortalik,20,GL,1542509671,94,60.14,-45.24,32.5364,9.56
sovetskiy,80,RU,1542510164,95,56.76,48.47,30.646400000000085,4.41
tolu,1,US,1542508500,75,35.81,-94.5,53.96000000000008,0.36
padang,44,ID,1542509698,100,-0.92,100.36,80.19140000000004,3.66
puerto baquerizo moreno,68,EC,1542510165,99,-0.9,-89.6,72.31640000000004,5.01
cabo san lucas,5,MX,1542505500,73,22.89,-109.91,73.4,2.6
bulalacao,88,PH,1542510166,100,13.7,123.78,79.7864,4.01
okhotsk,92,RU,1542509785,95,59.36,143.24,25.921400000000084,3.21
lagoa,75,PT,1542508200,93,37.14,-8.45,60.8,10.3
jolalpan,0,MX,1542510166,79,18.32,-98.85,57.061400000000006,0.91
papara,0,BR,1542506400,74,-3.98,-38.73,80.6,6.2
leningradskiy,80,RU,1542509771,100,69.38,178.42,10.666400000000046,8.71
morant bay,20,JM,1542506400,83,17.88,-76.41,80.6,2.1
susangerd,68,IR,1542506400,93,31.56,48.19,60.8,2.1
cootamundra,0,AU,1542510168,70,-34.64,148.03,69.12140000000008,5.01
ulagan,32,RU,1542510168,66,50.63,87.96,-9.358599999999953,1.61
hailar,20,CN,1542510169,54,49.2,119.7,11.431400000000064,3.21
byron bay,75,AU,1542506400,57,-28.65,153.62,75.2,8.7
khoni,75,GE,1542508200,93,42.32,42.42,44.6,1.5
aginskoye,0,RU,1542510170,39,51.11,114.54,9.136400000000002,2.96
pimenteiras,0,BR,1542510170,35,-6.24,-41.42,78.6614,3.86
pisco,0,PE,1542506400,82,-13.71,-76.2,64.4,4.6
nikolayevsk-na-amure,56,RU,1542510171,100,53.14,140.72,22.186400000000003,2.21
marquette,5,US,1542509100,84,46.54,-87.4,14.0,1.5
souillac,0,FR,1542508200,81,45.6,-0.6,46.4,4.1
kerchevskiy,92,RU,1542510171,91,59.95,56.29,31.546400000000084,3.01
tual,68,ID,1542509941,100,-5.67,132.75,84.01640000000005,1.91
natal,20,BR,1542506400,74,-5.81,-35.21,80.6,4.6
katobu,32,ID,1542510172,96,-4.94,122.53,83.97140000000009,1.71
kushima,75,JP,1542506400,63,31.5,131.29,66.2,1.5
sinnamary,88,GF,1542509697,100,5.38,-52.96,79.38140000000007,4.41
salina cruz,0,MX,1542510173,70,16.18,-95.2,73.62140000000008,5.96
glendale,1,US,1542506280,69,34.14,-118.25,66.2,1.5
yeniseysk,44,RU,1542510174,93,58.45,92.17,-4.363599999999948,1.11
araceli,0,PH,1542510175,100,10.55,119.99,82.7114,8.06
tremedal,32,BR,1542510175,91,-14.98,-41.41,65.43140000000007,4.21
kota belud,75,MY,1542506400,66,6.35,116.43,87.8,2.1
providencia,32,CO,1542510176,90,1.24,-77.6,50.22140000000009,0.86
oxapampa,92,PE,1542509705,100,-10.58,-75.4,56.296400000000084,0.76
bilma,0,NE,1542509727,42,18.69,12.92,52.38140000000006,1.26
herat,0,AF,1542509700,70,34.35,62.22,48.2,1.16
svetlaya,44,RU,1542510177,100,46.54,138.33,33.8864,4.51
caconda,0,AO,1542510177,74,-13.73,15.06,61.7864,3.06
roebourne,0,AU,1542510177,16,-20.77,117.15,106.29140000000004,8.06
eureka,1,US,1542508500,100,40.8,-124.16,46.94000000000002,2.1
necochea,24,AR,1542509751,94,-38.55,-58.74,51.436400000000006,8.81
richards bay,88,ZA,1542510178,85,-28.77,32.06,67.4114,3.91
erenhot,0,CN,1542509902,66,43.65,111.97,16.156400000000065,4.41
gouyave,20,GD,1542506400,83,12.16,-61.73,80.6,5.7
fukuma,75,JP,1542508200,51,33.77,130.47,62.6,1
nouakchott,88,MR,1542509773,100,18.08,-15.98,68.3114,6.06
moundou,12,TD,1542510179,60,8.57,16.07,75.9614,3.46
mecca,36,SA,1542509630,88,21.43,39.83,61.47140000000009,1.61
mangan,0,IN,1542510180,55,27.5,88.54,31.231400000000065,0.36
mahibadhoo,24,MV,1542509965,100,3.78,72.97,82.21640000000005,3.41
zhanaozen,48,KZ,1542510180,78,43.35,52.85,33.39140000000005,2.46
hasaki,75,JP,1542506400,67,35.73,140.83,59.0,5.7
atbasar,80,KZ,1542510181,89,51.81,68.36,22.591400000000043,3.51
belogorsk,68,UA,1542510181,100,45.06,34.59,36.3614,2.01
dwarka,0,IN,1542506400,82,28.58,77.04,59.0,1.41
camacupa,0,AO,1542510182,89,-12.02,17.48,59.22140000000009,1.21
bumba,8,CD,1542510182,93,2.18,22.47,71.2364,1.21
monte patria,0,CL,1542510182,81,-30.69,-70.96,46.666400000000046,0.96
sola,75,FI,1542507600,65,62.78,29.36,41.0,6.7
sabha,32,LY,1542509683,40,27.03,14.43,67.59140000000005,3.21
upernavik,88,GL,1542509661,100,72.79,-56.15,17.281400000000065,7.51
sur,88,OM,1542509842,94,22.57,59.53,78.93140000000007,2.86
merauke,0,ID,1542510183,57,-8.49,140.4,92.88140000000007,4.91
wisconsin rapids,1,US,1542509700,61,44.39,-89.82,20.3,2.1
wanning,90,AT,1542507600,74,48.64,13.53,32.0,4.6
nokaneng,0,BW,1542510185,24,-19.66,22.19,66.64640000000009,4.01
ziyang,80,CN,1542510185,100,30.12,104.65,48.331400000000066,1.96
kapit,92,MY,1542510185,92,2.02,112.94,77.04140000000004,1.31
hofn,92,IS,1542509777,92,64.25,-15.21,46.981400000000065,8.41
alyangula,0,AU,1542509919,91,-13.85,136.42,87.88640000000001,1.21
shchigry,56,RU,1542509946,52,51.87,36.91,13.636400000000002,3.66
kosh-agach,8,RU,1542510186,69,49.99,88.66,-15.208599999999954,1.21
kamenka,68,RU,1542510186,61,53.19,44.05,19.936400000000003,4.46
amahai,48,ID,1542509756,100,-3.31,129,84.9614,3.06
auray,92,FR,1542508200,93,47.67,-2.99,37.4,5.1
markova,90,RU,1542508200,83,52.21,104.21,-3.9999999999999503,1.16
vostok,0,RU,1542509773,61,46.45,135.83,22.231400000000065,1.31
chernogorsk,40,RU,1542508200,84,53.83,91.31,5.0,1
mizdah,0,LY,1542510188,88,31.45,12.98,45.49640000000009,2.06
honolulu,75,US,1542506220,64,21.3,-157.86,78.08000000000004,7.2
alta floresta,8,BR,1542510189,97,-9.87,-56.08,75.24140000000004,0.76
iranshahr,0,IR,1542506400,34,27.21,60.69,66.2,2.1
luderitz,8,NA,1542509666,73,-26.65,15.16,59.5364,9.06
ajaccio,0,FR,1542508200,66,41.93,8.74,53.6,2.6
muzhi,92,RU,1542510190,93,65.4,64.7,18.856400000000065,5.41
waimana,92,NZ,1542510190,52,-38.14,177.08,63.586400000000005,2.46
saint-francois,0,FR,1542508200,89,46.42,3.91,35.6,2.6
aswan,0,EG,1542506400,45,24.09,32.9,64.4,3.6
ngaoundere,8,CM,1542510191,78,7.32,13.58,63.76640000000005,1.86
kawalu,0,ID,1542509882,67,-7.38,108.21,80.14640000000009,1.31
george town,75,MY,1542506400,79,5.42,100.33,86.0,3.1
kungurtug,24,RU,1542510192,66,50.6,97.53,-9.178599999999967,1.01
whyalla,0,AU,1542506400,67,-33.04,137.58,84.2,6.7
yavas,92,RU,1542510193,81,54.42,42.84,25.336400000000005,3.86
pundaguitan,64,PH,1542510193,98,6.37,126.17,83.65640000000006,2.86
aranos,76,NA,1542510193,15,-24.14,19.11,74.8364,2.06
mweka,76,CD,1542510194,96,-4.85,21.56,70.60640000000006,1.21
russell,0,AR,1542506400,39,-33.01,-68.8,62.6,5.1
wenling,88,CN,1542510194,100,28.38,121.38,61.291400000000046,4.36
severo-kurilsk,20,RU,1542509727,100,50.68,156.12,36.63140000000006,7.71
yamada,40,JP,1542506400,51,36.58,137.08,59.0,1.5
champawat,0,IN,1542510195,55,29.34,80.09,51.211400000000005,1.26
kalmunai,0,LK,1542509720,99,7.42,81.82,79.29140000000004,1.91
diffa,20,NE,1542510196,42,13.32,12.61,63.72140000000009,2.31
copiapo,0,CL,1542510196,81,-27.37,-70.33,57.646400000000085,1.01
skara,20,SE,1542507600,93,58.38,13.44,42.8,2.1
sao paulo de olivenca,12,BR,1542510197,88,-3.38,-68.87,78.25640000000007,1.11
tautira,75,PF,1542508200,94,-17.73,-149.15,75.2,2.6
tamboril,0,BR,1542510151,60,-4.83,-40.32,75.91640000000004,3.91
puerto el triunfo,0,SV,1542505800,65,13.27,-88.55,80.6,2.6
oktyabrskoye,68,RU,1542510198,82,56.73,85.44,6.031400000000065,1.61
cuamba,12,MZ,1542510198,89,-14.8,36.54,67.32140000000008,1.21
bafq,0,IR,1542510198,80,31.6,55.4,37.0364,1.46
vengerovo,80,RU,1542510198,85,55.68,76.74,12.646400000000085,5.01
walvis bay,0,NA,1542506400,82,-22.95,14.51,59.0,7.2
ulladulla,90,AU,1542506400,45,-35.36,150.48,68.0,5.1
sobolevo,88,RU,1542510199,94,54.43,31.9,30.961400000000005,5.36
steamboat springs,90,US,1542508500,97,40.48,-106.83,32.0,2.1
mirnyy,88,RU,1542510200,96,56.57,36.46,34.38140000000006,4.46
buraydah,75,SA,1542506400,100,26.33,43.97,57.2,3.1
yuli,0,NG,1542509699,60,10.52,9.86,61.1114,1.51
muyezerskiy,32,RU,1542510201,65,63.93,31.65,34.606400000000065,6.51
yelan-kolenovskiy,0,RU,1542510201,54,51.16,41.15,7.2464000000000865,1.31
hamilton,75,CA,1542506400,80,43.26,-79.87,32.0,1.5
ojinaga,0,US,1542509822,48,29.56,-104.41,38.6114,1.16
iquique,0,CL,1542506400,77,-20.22,-70.14,64.4,3.1
safranbolu,20,TR,1542510202,83,41.25,32.69,31.411400000000004,0.86
apricena,80,IT,1542510202,100,41.78,15.44,55.081400000000066,4.36
puerto vallarta,75,MX,1542505740,53,20.61,-105.23,77.0,2.6
fort nelson,90,CA,1542506400,85,58.81,-122.69,14.0,1
semenivka,48,UA,1542510203,72,52.18,32.58,19.396400000000085,4.26
inirida,20,CO,1542510203,97,3.87,-67.92,75.87140000000008,1.31
ellisras,0,ZA,1542510204,47,-23.67,27.74,66.91640000000004,3.41
bathsheba,75,BB,1542506400,78,13.22,-59.52,80.6,7.7
kovylkino,64,RU,1542510204,65,54.04,43.91,21.736400000000003,4.66
dunedin,92,NZ,1542509749,100,-45.87,170.5,42.166400000000046,7.26
monrovia,40,LR,1542508200,94,6.33,-10.8,75.2,2.21
marsh harbour,0,BS,1542510205,100,26.54,-77.06,77.3114,5.76
quatre cocos,75,MU,1542506400,78,-20.21,57.76,75.2,6.7
adrar,0,DZ,1542506400,47,27.87,-0.29,59.0,3.1
nome,1,US,1542508500,82,30.04,-94.42,60.08000000000004,2.1
monastyryshche,0,UA,1542510209,65,48.99,29.8,10.846400000000084,1.76
ziarat,0,PK,1542510210,63,30.38,67.73,42.84140000000004,2.51
blackwater,0,GB,1542507600,93,51.33,-0.78,41.0,2.6
pimenta bueno,32,BR,1542510211,92,-11.68,-61.19,76.59140000000005,1.21
najran,0,SA,1542506400,58,17.54,44.22,59.0,1.21
angol,36,CL,1542510211,84,-37.8,-72.71,48.061400000000006,2.06
vila franca do campo,20,PT,1542508200,81,37.72,-25.43,53.6,3.6
ketchikan,90,US,1542506160,92,55.34,-131.65,46.04000000000002,5.7
acton vale,1,CA,1542506400,63,45.65,-72.56,26.6,4.1
caraquet,1,CA,1542506400,79,47.79,-64.94,24.8,3.6
lompoc,1,US,1542508500,82,34.64,-120.46,59.0,2.1
maryville,90,US,1542508500,92,40.35,-94.87,28.04000000000002,4.1
puerto del rosario,0,ES,1542508200,72,28.5,-13.86,66.2,1
bejar,92,AL,1542510214,100,40.49,19.83,40.68140000000007,1.96
taoudenni,0,ML,1542509740,70,22.68,-3.98,50.22140000000009,1.26
penzance,0,GB,1542505800,76,50.12,-5.53,48.2,15.9
evensk,0,RU,1542509774,100,61.92,159.24,7.381400000000063,3.31
jha jha,0,IN,1542510215,54,24.77,86.37,70.5614,1.91
soyo,32,AO,1542510215,97,-6.13,12.37,73.4864,1.16
vila velha,0,BR,1542506400,74,-3.71,-38.6,80.6,6.2
ninotsminda,8,GE,1542506400,85,41.27,43.59,23.0,1.16
surab,0,PK,1542509907,71,28.49,66.26,45.856400000000065,1.41
tombouctou,8,ML,1542510216,37,16.77,-3.01,64.62140000000008,1.21
morehead,1,US,1542505980,72,38.18,-83.43,44.06000000000008,1.5
chokurdakh,68,RU,1542509672,66,70.62,147.9,-8.503599999999963,1.46
patos,0,BR,1542510217,69,-7.03,-37.28,72.63140000000007,4.46
cartagena,88,ES,1542508200,77,37.63,-1,62.6,3.1
caluquembe,0,AO,1542510217,91,-13.78,14.68,54.3614,0.76
liverpool,0,GB,1542507600,86,53.41,-2.98,44.6,5.1
cap malheureux,75,MU,1542506400,78,-19.98,57.61,75.2,6.7
bahia blanca,0,AR,1542509715,76,-38.72,-62.27,56.34140000000004,5.76
port blair,44,IN,1542510218,94,11.67,92.75,85.45640000000006,4.46
belyy yar,40,RU,1542506400,84,53.6,91.39,3.1999999999999993,1
bom jesus,92,BR,1542510219,57,-9.08,-44.36,82.89140000000005,3.41
jiwani,36,PK,1542510219,90,25.05,61.74,71.4614,1.61
khonsa,92,IN,1542510220,97,26.99,95.51,61.291400000000046,0.36
iqaluit,75,CA,1542506400,64,63.75,-68.52,-0.39999999999994884,2.1
peto,44,MX,1542510221,63,20.13,-88.92,75.2864,2.86
le locle,36,CH,1542507600,92,47.06,6.75,37.4,1.46
samarai,0,PG,1542509964,100,-10.62,150.67,80.9114,4.11
kibala,0,TD,1542506400,83,9.11,18.35,71.6,1.26
kelvington,76,CA,1542510222,63,52.16,-103.52,2.8814000000000632,1.76
lima,12,PE,1542509775,78,-12.06,-77.04,55.081400000000066,1.06
yumen,0,CN,1542509684,37,40.29,97.04,24.121400000000087,1.86
siocon,0,PH,1542510222,97,11.03,124.04,82.84640000000009,4.21
husavik,64,CA,1542509729,92,50.56,-96.99,13.456400000000066,6.26
xining,12,CN,1542509768,45,36.62,101.77,23.356400000000065,1.86
marawi,0,PH,1542509849,92,8,124.29,76.1864,1.46
baglung,0,NP,1542510223,42,28.27,83.59,54.49640000000009,0.96
mehamn,8,NO,1542509861,78,71.03,27.85,26.641400000000043,1.31
kuala terengganu,75,MY,1542506400,79,5.33,103.14,84.2,2.1
humaita,20,AR,1542506400,69,-24.93,-65.37,75.2,3.1
sivas,75,TR,1542505800,92,39.75,37.01,26.6,2.6
llanes,0,ES,1542509758,90,43.42,-4.75,41.941400000000044,1.26
cookeville,1,US,1542508500,100,36.16,-85.5,46.4,2.26
nantucket,90,US,1542508500,64,41.28,-70.1,44.06000000000008,3.6
panaba,0,MX,1542510226,73,21.28,-88.27,71.59640000000009,2.91
wick,0,GB,1542507600,100,51.45,-2.43,44.6,5.7
bubaque,64,GW,1542510227,100,11.28,-15.83,80.6864,7.06
osypenko,0,UA,1542508200,68,48.04,34.39,26.6,3
peniche,75,PT,1542508200,93,39.36,-9.38,62.6,5.7
saint-augustin,0,FR,1542508200,81,44.83,-0.61,48.2,4.6
pacific grove,1,US,1542508500,76,36.62,-121.92,55.04000000000002,1.51
diebougou,20,BF,1542510228,73,10.97,-3.25,75.55640000000007,2.36
taltal,0,CL,1542509737,89,-25.41,-70.49,55.62140000000009,1.01
thinadhoo,20,MV,1542510228,96,0.53,72.93,84.33140000000006,5.51
mogadishu,92,SO,1542509690,100,2.04,45.34,79.1114,3.06
inongo,64,CD,1542509860,97,-1.93,18.29,73.53140000000006,0.96
dauriya,0,RU,1542510229,46,49.93,116.85,9.091400000000043,3.71
velika gorica,20,HR,1542508200,64,45.72,16.07,39.2,4.6
jasper,0,US,1542508500,100,33.83,-87.28,46.94000000000002,1.06
khao yoi,20,TH,1542506400,70,13.24,99.82,86.0,1
tutoia,0,BR,1542509889,76,-2.76,-42.27,80.4614,7.96
maba,88,CN,1542510230,100,24.68,113.59,60.03140000000006,1.46
opuwo,12,NA,1542510231,72,-18.06,13.84,56.34140000000004,1.46
inta,88,RU,1542510231,82,66.04,60.13,27.856400000000065,2.86
talcahuano,0,CL,1542506400,82,-36.72,-73.12,55.4,3.6
longyearbyen,75,NO,1542505800,97,78.22,15.63,39.2,13.4
bahia honda,64,CU,1542510232,89,22.9,-83.16,74.20640000000006,3.41
portland,1,US,1542506160,37,45.52,-122.67,53.06000000000008,9.8
san juan,20,PR,1542506160,74,18.47,-66.12,80.06000000000009,3.6
loa janan,32,ID,1542509761,77,-0.58,117.09,86.3114,1.31
shache,24,CN,1542510234,60,38.42,77.24,27.316400000000044,2.51
robertsport,80,LR,1542510234,100,6.75,-11.37,78.16640000000004,1.61
verkh-usugli,0,RU,1542510234,40,52.7,115.17,-0.6285999999999632,3.01
qostanay,90,KZ,1542508200,92,53.17,63.58,24.8,2
karpogory,92,RU,1542509969,97,64,44.44,36.1364,2.76
kayerkan,48,RU,1542510235,74,69.35,87.76,0.361400000000053,7.01
chandler,40,US,1542506340,23,33.31,-111.84,64.94000000000003,1.5
kourou,20,GF,1542508200,94,5.16,-52.64,75.2,4.41
salta,20,AR,1542506400,69,-24.79,-65.41,75.2,3.1
dongsheng,44,CN,1542509754,84,29.72,112.52,50.80640000000007,6.56
denpasar,20,ID,1542506400,79,-8.65,115.22,86.0,4.6
panormos,92,GR,1542510237,100,38.37,22.25,48.916400000000046,4.31
yuci,0,CN,1542508200,26,37.68,112.73,42.8,3
moron,44,VE,1542509971,95,10.49,-68.2,69.39140000000005,1.06
notre-dame-du-lac,1,CA,1542505980,68,47.61,-68.8,24.08000000000004,5.7
dire,75,ET,1542510000,81,9.18,38.92,51.8,1
kidal,0,ML,1542509775,39,18.44,1.41,58.186400000000006,1.31
luena,32,AO,1542509933,91,-11.78,19.91,63.316400000000044,1.16
poum,92,MK,1542509788,96,41.28,20.71,30.466400000000043,0.91
unai,44,BR,1542510162,88,-16.36,-46.91,69.84140000000005,1.71
raudeberg,44,NO,1542507600,93,61.99,5.14,46.4,3.6
verkhoyansk,32,RU,1542510240,48,67.55,133.39,-30.103599999999958,1.21
paamiut,12,GL,1542509743,100,61.99,-49.67,32.581400000000066,16.36
praia,0,BR,1542506400,68,-20.25,-43.81,69.8,2.1
kabalo,64,CD,1542510241,93,-6.05,26.92,71.59640000000009,0.91
galle,75,US,1542509460,81,29.74,-97.91,68.0,3.6
namibe,0,AO,1542509660,100,-15.19,12.15,72.99140000000004,1.16
bowen,40,AU,1542506400,51,-20.01,148.25,86.0,6.2
saint-joseph,0,FR,1542508200,34,43.56,6.97,51.8,3.6
morondava,0,MG,1542510243,95,-20.3,44.28,73.89140000000005,1.66
juchitlan,88,MX,1542510243,67,20.08,-104.1,54.316400000000044,0.76
burgeo,32,CA,1542510244,100,47.61,-57.61,35.461400000000005,10.76
la asuncion,64,EC,1542510244,100,-1.64,-78.74,46.936400000000006,0.96
banda aceh,20,ID,1542510244,95,5.56,95.32,80.6864,1.21
tokur,24,RU,1542510245,52,53.13,132.9,2.9714000000000844,2.41
sukumo,0,JP,1542510245,78,32.94,132.72,63.09140000000004,2.16
galbshtadt,80,RU,1542510246,90,53.23,78.98,22.546400000000084,3.11
shiyan,48,CN,1542510199,68,32.65,110.78,46.441400000000044,1.91
zeya,0,RU,1542509903,63,53.74,127.27,2.6114000000000033,1.21
beringovskiy,80,RU,1542509663,100,63.05,179.32,25.336400000000005,10.51
sao joaquim,80,BR,1542510247,82,-28.29,-49.93,61.47140000000009,5.01
peterhead,0,AU,1542506400,43,-34.83,138.5,73.4,5.7
lakes entrance,0,AU,1542510247,67,-37.88,147.99,68.71640000000005,5.21
maningrida,0,AU,1542510248,66,-12.05,134.23,90.09140000000005,3.11
cockburn town,0,TC,1542509739,99,21.46,-71.14,81.40640000000006,6.26
westport,0,IE,1542510248,93,53.8,-9.52,45.586400000000005,7.81
dargaville,80,NZ,1542510249,54,-35.94,173.86,67.00640000000007,4.31
mathathane,0,BW,1542510249,56,-22.27,28.75,64.0364,2.96
barcelos,0,PT,1542508200,59,41.53,-8.62,64.4,3.1
san andres,32,PH,1542509731,100,13.32,122.68,82.08140000000006,6.26
sawakin,0,SD,1542510250,100,19.1,37.33,66.0614,1.76
waikuku,20,NZ,1542508200,72,-43.29,172.68,62.6,8.2
kapuskasing,20,CA,1542506400,84,49.42,-82.43,1.3999999999999986,2.6
phalaborwa,88,ZA,1542506400,77,-23.95,31.14,69.8,6.7
chapleau,5,CA,1542506400,84,47.85,-83.4,3.1999999999999993,2.1
port augusta,0,AU,1542506400,28,-32.49,137.76,84.2,6.7
lahan,0,NP,1542510253,41,26.71,86.48,67.32140000000008,1.31
valladolid,48,ES,1542510090,92,41.65,-4.73,42.03140000000006,2.86
samarkand,24,UZ,1542508200,69,39.65,66.98,37.4,1
nueva gerona,92,CU,1542510254,100,21.88,-82.8,76.68140000000007,4.96
vidim,0,CZ,1542508200,79,50.47,14.53,24.8,2.1
acapulco,20,MX,1542505680,83,16.86,-99.88,80.6,2.26
breaza,20,RO,1542510255,77,45.18,25.67,20.116400000000045,1.31
mimongo,92,GA,1542510256,97,-1.62,11.6,71.86640000000004,1.11
goulburn,24,AU,1542510025,69,-34.75,149.72,64.53140000000006,3.41
